CampsiteCode,month,capacity_month_mean,avgtemp_month_mean
Meditite,1,234.0,12.0
Meditite,2,234.0,12.5
Meditite,3,234.0,14.0
Meditite,4,234.0,17.0
Meditite,5,234.0,21.0
Meditite,6,234.0,25.5
Meditite,7,234.0,28.0
Meditite,8,234.0,28.0
Meditite,9,234.0,25.0
Meditite,10,234.0,21.0
Meditite,11,234.0,17.0
Meditite,12,234.0,13.5
Drampa,1,590.0,7.0
Drampa,2,590.0,8.0
Drampa,3,590.0,11.0
Drampa,4,590.0,14.0
Drampa,5,590.0,18.0
Drampa,6,590.0,22.5
Drampa,7,590.0,25.5
Drampa,8,590.0,25.0
Drampa,9,590.0,21.0
Drampa,10,590.0,16.0
Drampa,11,590.0,10.5
Drampa,12,590.0,7.5
Fearow,1,349.0,-2.0
Fearow,2,349.0,-1.0
Fearow,3,349.0,3.5
Fearow,4,349.0,9.5
Fearow,5,349.0,15.0
Fearow,6,349.0,18.5
Fearow,7,349.0,20.5
Fearow,8,349.0,19.799999999999567
Fearow,9,349.0,14.799999999999496
Fearow,10,349.0,9.0
Fearow,11,349.0,3.5
Fearow,12,349.0,0.0
Krabby,1,309.3333333333333,-3.0
Krabby,2,309.5,-3.5
Krabby,3,309.6666666666667,0.5
Krabby,4,309.3333333333333,5.5
Krabby,5,309.5,11.5
Krabby,6,309.6666666666667,16.0
Krabby,7,309.3333333333333,18.5
Krabby,8,309.5,17.5
Krabby,9,309.5,12.5
Krabby,10,309.5,7.5
Krabby,11,309.5,2.5
Krabby,12,309.6666666666667,-1.0
Carnivine,1,435.0,-3.0
Carnivine,2,435.0,-3.5
Carnivine,3,435.0,0.5
Carnivine,4,435.0,5.5
Carnivine,5,435.0,11.5
Carnivine,6,435.0,16.0
Carnivine,7,435.0,18.5
Carnivine,8,435.0,17.5
Carnivine,9,435.0,12.5
Carnivine,10,435.0,7.5
Carnivine,11,435.0,2.5
Carnivine,12,435.0,-1.0
Zoroark,1,950.0,12.0
Zoroark,2,950.0,12.5
Zoroark,3,950.0,14.0
Zoroark,4,950.0,17.0
Zoroark,5,950.0,21.0
Zoroark,6,950.0,25.5
Zoroark,7,950.0,28.0
Zoroark,8,950.0,28.0
Zoroark,9,950.0,25.0
Zoroark,10,950.0,21.0
Zoroark,11,950.0,17.0
Zoroark,12,950.0,13.5
Combee,1,211.0,6.5
Combee,2,211.0,8.0
Combee,3,211.0,11.0
Combee,4,211.0,13.5
Combee,5,211.0,17.5
Combee,6,211.0,23.0
Combee,7,211.0,27.0
Combee,8,211.0,26.5
Combee,9,211.0,22.0
Combee,10,211.0,15.5
Combee,11,211.0,10.0
Combee,12,211.0,7.0
Glaceon,1,184.77777777777777,-2.0
Glaceon,2,185.5,-1.0
Glaceon,3,186.22222222222223,3.5
Glaceon,4,184.77777777777777,9.5
Glaceon,5,185.5,15.0
Glaceon,6,186.22222222222223,18.5
Glaceon,7,184.77777777777777,20.5
Glaceon,8,185.5,19.799999999999567
Glaceon,9,185.5,14.799999999999496
Glaceon,10,185.5,9.0
Glaceon,11,185.5,3.5
Glaceon,12,186.22222222222223,0.0
Trubbish,1,373.3333333333333,2.0
Trubbish,2,373.5,2.5
Trubbish,3,373.6666666666667,4.5
Trubbish,4,373.3333333333333,7.0
Trubbish,5,373.5,11.0
Trubbish,6,373.6666666666667,14.0
Trubbish,7,373.3333333333333,16.0
Trubbish,8,373.5,15.5
Trubbish,9,373.5,12.5
Trubbish,10,373.5,9.0
Trubbish,11,373.5,5.0
Trubbish,12,373.6666666666667,3.0
MimeJr,1,237.77777777777777,12.0
MimeJr,2,239.0,12.5
MimeJr,3,240.22222222222223,14.0
MimeJr,4,237.77777777777777,17.0
MimeJr,5,239.0,21.0
MimeJr,6,240.22222222222223,25.5
MimeJr,7,237.77777777777777,28.0
MimeJr,8,239.0,28.0
MimeJr,9,239.0,25.0
MimeJr,10,239.0,21.0
MimeJr,11,239.0,17.0
MimeJr,12,240.22222222222223,13.5
Gimmighoul,1,251.11111111111111,0.5
Gimmighoul,2,251.5,1.8000000000000385
Gimmighoul,3,251.88888888888889,6.200000000000134
Gimmighoul,4,251.11111111111111,10.5
Gimmighoul,5,251.5,15.200000000000456
Gimmighoul,6,251.88888888888889,18.599999999999334
Gimmighoul,7,251.11111111111111,20.5
Gimmighoul,8,251.5,19.799999999999567
Gimmighoul,9,251.5,15.5
Gimmighoul,10,251.5,10.200000000000323
Gimmighoul,11,251.5,5.100000000000161
Gimmighoul,12,251.88888888888889,1.5
Appletun,1,314.0,6.0
Appletun,2,314.0,6.200000000000061
Appletun,3,314.0,8.5
Appletun,4,314.0,10.799999999999613
Appletun,5,314.0,13.799999999999573
Appletun,6,314.0,16.5
Appletun,7,314.0,18.20000000000032
Appletun,8,314.0,18.5
Appletun,9,314.0,16.5
Appletun,10,314.0,13.0
Appletun,11,314.0,9.200000000000278
Appletun,12,314.0,6.799999999999813
Chansey,1,473.0,6.5
Chansey,2,473.0,8.0
Chansey,3,473.0,11.0
Chansey,4,473.0,13.5
Chansey,5,473.0,17.5
Chansey,6,473.0,23.0
Chansey,7,473.0,27.0
Chansey,8,473.0,26.5
Chansey,9,473.0,22.0
Chansey,10,473.0,15.5
Chansey,11,473.0,10.0
Chansey,12,473.0,7.0
Electrike,1,279.0,6.5
Electrike,2,279.0,8.0
Electrike,3,279.0,11.0
Electrike,4,279.0,13.5
Electrike,5,279.0,17.5
Electrike,6,279.0,23.0
Electrike,7,279.0,27.0
Electrike,8,279.0,26.5
Electrike,9,279.0,22.0
Electrike,10,279.0,15.5
Electrike,11,279.0,10.0
Electrike,12,279.0,7.0
Regigigas,1,610.0,0.5
Regigigas,2,610.0,1.8000000000000385
Regigigas,3,610.0,6.200000000000134
Regigigas,4,610.0,10.5
Regigigas,5,610.0,15.200000000000456
Regigigas,6,610.0,18.599999999999334
Regigigas,7,610.0,20.5
Regigigas,8,610.0,19.799999999999567
Regigigas,9,610.0,15.5
Regigigas,10,610.0,10.200000000000323
Regigigas,11,610.0,5.100000000000161
Regigigas,12,610.0,1.5
Charjabug1,1,530.0,0.5
Charjabug1,2,531.5,1.8000000000000385
Charjabug1,3,533.0,6.200000000000134
Charjabug1,4,530.0,10.5
Charjabug1,5,531.5,15.200000000000456
Charjabug1,6,533.0,18.599999999999334
Charjabug1,7,530.0,20.5
Charjabug1,8,531.5,19.799999999999567
Charjabug1,9,531.5,15.5
Charjabug1,10,531.5,10.200000000000323
Charjabug1,11,531.5,5.100000000000161
Charjabug1,12,533.0,1.5
Grumpig,1,785.7777777777778,0.5
Grumpig,2,787.0,1.8000000000000385
Grumpig,3,788.2222222222222,6.200000000000134
Grumpig,4,785.7777777777778,10.5
Grumpig,5,787.0,15.200000000000456
Grumpig,6,788.2222222222222,18.599999999999334
Grumpig,7,785.7777777777778,20.5
Grumpig,8,787.0,19.799999999999567
Grumpig,9,787.0,15.5
Grumpig,10,787.0,10.200000000000323
Grumpig,11,787.0,5.100000000000161
Grumpig,12,788.2222222222222,1.5
Darmanitan,1,374.6666666666667,6.5
Darmanitan,2,375.5,8.0
Darmanitan,3,376.3333333333333,11.0
Darmanitan,4,374.6666666666667,13.5
Darmanitan,5,375.5,17.5
Darmanitan,6,376.3333333333333,23.0
Darmanitan,7,374.6666666666667,27.0
Darmanitan,8,375.5,26.5
Darmanitan,9,375.5,22.0
Darmanitan,10,375.5,15.5
Darmanitan,11,375.5,10.0
Darmanitan,12,376.3333333333333,7.0
Kricketot,1,348.0,2.0
Kricketot,2,348.0,2.5
Kricketot,3,348.0,4.5
Kricketot,4,348.0,7.0
Kricketot,5,348.0,11.0
Kricketot,6,348.0,14.0
Kricketot,7,348.0,16.0
Kricketot,8,348.0,15.5
Kricketot,9,348.0,12.5
Kricketot,10,348.0,9.0
Kricketot,11,348.0,5.0
Kricketot,12,348.0,3.0
Skiploom,1,272.44444444444446,11.5
Skiploom,2,272.5,12.5
Skiploom,3,272.55555555555554,14.5
Skiploom,4,272.44444444444446,16.5
Skiploom,5,272.5,19.799999999999567
Skiploom,6,272.55555555555554,23.5
Skiploom,7,272.44444444444446,26.80000000000072
Skiploom,8,272.5,27.0
Skiploom,9,272.5,24.0
Skiploom,10,272.5,19.5
Skiploom,11,272.5,15.0
Skiploom,12,272.55555555555554,12.0
Cobalion1,1,638.1111111111111,7.0
Cobalion1,2,638.5,8.0
Cobalion1,3,638.8888888888889,11.0
Cobalion1,4,638.1111111111111,14.0
Cobalion1,5,638.5,18.0
Cobalion1,6,638.8888888888889,22.5
Cobalion1,7,638.1111111111111,25.5
Cobalion1,8,638.5,25.0
Cobalion1,9,638.5,21.0
Cobalion1,10,638.5,16.0
Cobalion1,11,638.5,10.5
Cobalion1,12,638.8888888888889,7.5
Lampent,1,221.0,11.5
Lampent,2,221.0,12.5
Lampent,3,221.0,14.5
Lampent,4,221.0,16.5
Lampent,5,221.0,19.799999999999567
Lampent,6,221.0,23.5
Lampent,7,221.0,26.80000000000072
Lampent,8,221.0,27.0
Lampent,9,221.0,24.0
Lampent,10,221.0,19.5
Lampent,11,221.0,15.0
Lampent,12,221.0,12.0
Sizzlipede,1,202.0,6.0
Sizzlipede,2,202.0,6.200000000000061
Sizzlipede,3,202.0,8.5
Sizzlipede,4,202.0,10.799999999999613
Sizzlipede,5,202.0,13.799999999999573
Sizzlipede,6,202.0,16.5
Sizzlipede,7,202.0,18.20000000000032
Sizzlipede,8,202.0,18.5
Sizzlipede,9,202.0,16.5
Sizzlipede,10,202.0,13.0
Sizzlipede,11,202.0,9.200000000000278
Sizzlipede,12,202.0,6.799999999999813
Chimchar,1,540.2222222222222,7.0
Chimchar,2,540.5,8.0
Chimchar,3,540.7777777777778,11.0
Chimchar,4,540.2222222222222,14.0
Chimchar,5,540.5,18.0
Chimchar,6,540.7777777777778,22.5
Chimchar,7,540.2222222222222,25.5
Chimchar,8,540.5,25.0
Chimchar,9,540.5,21.0
Chimchar,10,540.5,16.0
Chimchar,11,540.5,10.5
Chimchar,12,540.7777777777778,7.5
Houndour,1,259.0,12.0
Houndour,2,259.0,12.5
Houndour,3,259.0,14.0
Houndour,4,259.0,17.0
Houndour,5,259.0,21.0
Houndour,6,259.0,25.5
Houndour,7,259.0,28.0
Houndour,8,259.0,28.0
Houndour,9,259.0,25.0
Houndour,10,259.0,21.0
Houndour,11,259.0,17.0
Houndour,12,259.0,13.5
Murkrow,1,435.0,-2.0
Murkrow,2,435.0,-1.0
Murkrow,3,435.0,3.5
Murkrow,4,435.0,9.5
Murkrow,5,435.0,15.0
Murkrow,6,435.0,18.5
Murkrow,7,435.0,20.5
Murkrow,8,435.0,19.799999999999567
Murkrow,9,435.0,14.799999999999496
Murkrow,10,435.0,9.0
Murkrow,11,435.0,3.5
Murkrow,12,435.0,0.0
Shaymin,1,811.0,0.5
Shaymin,2,811.0,1.8000000000000385
Shaymin,3,811.0,6.200000000000134
Shaymin,4,811.0,10.5
Shaymin,5,811.0,15.200000000000456
Shaymin,6,811.0,18.599999999999334
Shaymin,7,811.0,20.5
Shaymin,8,811.0,19.799999999999567
Shaymin,9,811.0,15.5
Shaymin,10,811.0,10.200000000000323
Shaymin,11,811.0,5.100000000000161
Shaymin,12,811.0,1.5
Xurkitree,1,322.0,11.5
Xurkitree,2,322.0,12.5
Xurkitree,3,322.0,14.5
Xurkitree,4,322.0,16.5
Xurkitree,5,322.0,19.799999999999567
Xurkitree,6,322.0,23.5
Xurkitree,7,322.0,26.80000000000072
Xurkitree,8,322.0,27.0
Xurkitree,9,322.0,24.0
Xurkitree,10,322.0,19.5
Xurkitree,11,322.0,15.0
Xurkitree,12,322.0,12.0
Skitty,1,368.0,6.0
Skitty,2,368.0,6.200000000000061
Skitty,3,368.0,8.5
Skitty,4,368.0,10.799999999999613
Skitty,5,368.0,13.799999999999573
Skitty,6,368.0,16.5
Skitty,7,368.0,18.20000000000032
Skitty,8,368.0,18.5
Skitty,9,368.0,16.5
Skitty,10,368.0,13.0
Skitty,11,368.0,9.200000000000278
Skitty,12,368.0,6.799999999999813
Hariyama,1,427.0,11.5
Hariyama,2,427.0,12.5
Hariyama,3,427.0,14.5
Hariyama,4,427.0,16.5
Hariyama,5,427.0,19.799999999999567
Hariyama,6,427.0,23.5
Hariyama,7,427.0,26.80000000000072
Hariyama,8,427.0,27.0
Hariyama,9,427.0,24.0
Hariyama,10,427.0,19.5
Hariyama,11,427.0,15.0
Hariyama,12,427.0,12.0
Turtonator,1,247.0,0.5
Turtonator,2,247.0,1.8000000000000385
Turtonator,3,247.0,6.200000000000134
Turtonator,4,247.0,10.5
Turtonator,5,247.0,15.200000000000456
Turtonator,6,247.0,18.599999999999334
Turtonator,7,247.0,20.5
Turtonator,8,247.0,19.799999999999567
Turtonator,9,247.0,15.5
Turtonator,10,247.0,10.200000000000323
Turtonator,11,247.0,5.100000000000161
Turtonator,12,247.0,1.5
Gastly,1,271.0,6.0
Gastly,2,271.0,6.200000000000061
Gastly,3,271.0,8.5
Gastly,4,271.0,10.799999999999613
Gastly,5,271.0,13.799999999999573
Gastly,6,271.0,16.5
Gastly,7,271.0,18.20000000000032
Gastly,8,271.0,18.5
Gastly,9,271.0,16.5
Gastly,10,271.0,13.0
Gastly,11,271.0,9.200000000000278
Gastly,12,271.0,6.799999999999813
Tepig,1,401.0,4.0
Tepig,2,401.0,4.5
Tepig,3,401.0,6.5
Tepig,4,401.0,8.5
Tepig,5,401.0,11.5
Tepig,6,401.0,14.0
Tepig,7,401.0,16.0
Tepig,8,401.0,15.5
Tepig,9,401.0,13.0
Tepig,10,401.0,10.0
Tepig,11,401.0,6.5
Tepig,12,401.0,4.5
Grafaiai1,1,723.2222222222222,-2.0
Grafaiai1,2,725.5,-1.0
Grafaiai1,3,727.7777777777778,3.5
Grafaiai1,4,723.2222222222222,9.5
Grafaiai1,5,725.5,15.0
Grafaiai1,6,727.7777777777778,18.5
Grafaiai1,7,723.2222222222222,20.5
Grafaiai1,8,725.5,19.799999999999567
Grafaiai1,9,725.5,14.799999999999496
Grafaiai1,10,725.5,9.0
Grafaiai1,11,725.5,3.5
Grafaiai1,12,727.7777777777778,0.0
Ironvaliant,1,301.0,4.0
Ironvaliant,2,301.0,4.5
Ironvaliant,3,301.0,6.5
Ironvaliant,4,301.0,8.5
Ironvaliant,5,301.0,11.5
Ironvaliant,6,301.0,14.0
Ironvaliant,7,301.0,16.0
Ironvaliant,8,301.0,15.5
Ironvaliant,9,301.0,13.0
Ironvaliant,10,301.0,10.0
Ironvaliant,11,301.0,6.5
Ironvaliant,12,301.0,4.5
Dragonite,1,313.0,2.0
Dragonite,2,313.0,2.5
Dragonite,3,313.0,4.5
Dragonite,4,313.0,7.0
Dragonite,5,313.0,11.0
Dragonite,6,313.0,14.0
Dragonite,7,313.0,16.0
Dragonite,8,313.0,15.5
Dragonite,9,313.0,12.5
Dragonite,10,313.0,9.0
Dragonite,11,313.0,5.0
Dragonite,12,313.0,3.0
Passimian,1,445.0,7.0
Passimian,2,445.0,8.0
Passimian,3,445.0,11.0
Passimian,4,445.0,14.0
Passimian,5,445.0,18.0
Passimian,6,445.0,22.5
Passimian,7,445.0,25.5
Passimian,8,445.0,25.0
Passimian,9,445.0,21.0
Passimian,10,445.0,16.0
Passimian,11,445.0,10.5
Passimian,12,445.0,7.5
Hawlucha,1,242.0,6.5
Hawlucha,2,242.0,8.0
Hawlucha,3,242.0,11.0
Hawlucha,4,242.0,13.5
Hawlucha,5,242.0,17.5
Hawlucha,6,242.0,23.0
Hawlucha,7,242.0,27.0
Hawlucha,8,242.0,26.5
Hawlucha,9,242.0,22.0
Hawlucha,10,242.0,15.5
Hawlucha,11,242.0,10.0
Hawlucha,12,242.0,7.0
Eiscue1,1,516.0,7.0
Eiscue1,2,516.0,8.0
Eiscue1,3,516.0,11.0
Eiscue1,4,516.0,14.0
Eiscue1,5,516.0,18.0
Eiscue1,6,516.0,22.5
Eiscue1,7,516.0,25.5
Eiscue1,8,516.0,25.0
Eiscue1,9,516.0,21.0
Eiscue1,10,516.0,16.0
Eiscue1,11,516.0,10.5
Eiscue1,12,516.0,7.5
Tyrunt,1,429.0,0.5
Tyrunt,2,429.0,1.8000000000000385
Tyrunt,3,429.0,6.200000000000134
Tyrunt,4,429.0,10.5
Tyrunt,5,429.0,15.200000000000456
Tyrunt,6,429.0,18.599999999999334
Tyrunt,7,429.0,20.5
Tyrunt,8,429.0,19.799999999999567
Tyrunt,9,429.0,15.5
Tyrunt,10,429.0,10.200000000000323
Tyrunt,11,429.0,5.100000000000161
Tyrunt,12,429.0,1.5
Orthworm,1,411.0,-3.0
Orthworm,2,411.0,-3.5
Orthworm,3,411.0,0.5
Orthworm,4,411.0,5.5
Orthworm,5,411.0,11.5
Orthworm,6,411.0,16.0
Orthworm,7,411.0,18.5
Orthworm,8,411.0,17.5
Orthworm,9,411.0,12.5
Orthworm,10,411.0,7.5
Orthworm,11,411.0,2.5
Orthworm,12,411.0,-1.0
Rhydon,1,303.0,-2.0
Rhydon,2,303.0,-1.0
Rhydon,3,303.0,3.5
Rhydon,4,303.0,9.5
Rhydon,5,303.0,15.0
Rhydon,6,303.0,18.5
Rhydon,7,303.0,20.5
Rhydon,8,303.0,19.799999999999567
Rhydon,9,303.0,14.799999999999496
Rhydon,10,303.0,9.0
Rhydon,11,303.0,3.5
Rhydon,12,303.0,0.0
Steenee1,1,498.0,0.5
Steenee1,2,498.0,1.8000000000000385
Steenee1,3,498.0,6.200000000000134
Steenee1,4,498.0,10.5
Steenee1,5,498.0,15.200000000000456
Steenee1,6,498.0,18.599999999999334
Steenee1,7,498.0,20.5
Steenee1,8,498.0,19.799999999999567
Steenee1,9,498.0,15.5
Steenee1,10,498.0,10.200000000000323
Steenee1,11,498.0,5.100000000000161
Steenee1,12,498.0,1.5
Flamigo,1,326.0,-3.0
Flamigo,2,326.0,-3.5
Flamigo,3,326.0,0.5
Flamigo,4,326.0,5.5
Flamigo,5,326.0,11.5
Flamigo,6,326.0,16.0
Flamigo,7,326.0,18.5
Flamigo,8,326.0,17.5
Flamigo,9,326.0,12.5
Flamigo,10,326.0,7.5
Flamigo,11,326.0,2.5
Flamigo,12,326.0,-1.0
Venusaur,1,342.0,6.5
Venusaur,2,342.0,8.0
Venusaur,3,342.0,11.0
Venusaur,4,342.0,13.5
Venusaur,5,342.0,17.5
Venusaur,6,342.0,23.0
Venusaur,7,342.0,27.0
Venusaur,8,342.0,26.5
Venusaur,9,342.0,22.0
Venusaur,10,342.0,15.5
Venusaur,11,342.0,10.0
Venusaur,12,342.0,7.0
Woobat,1,225.0,-2.0
Woobat,2,225.0,-1.0
Woobat,3,225.0,3.5
Woobat,4,225.0,9.5
Woobat,5,225.0,15.0
Woobat,6,225.0,18.5
Woobat,7,225.0,20.5
Woobat,8,225.0,19.799999999999567
Woobat,9,225.0,14.799999999999496
Woobat,10,225.0,9.0
Woobat,11,225.0,3.5
Woobat,12,225.0,0.0
Bellsprout,1,148.0,4.0
Bellsprout,2,148.0,4.5
Bellsprout,3,148.0,6.5
Bellsprout,4,148.0,8.5
Bellsprout,5,148.0,11.5
Bellsprout,6,148.0,14.0
Bellsprout,7,148.0,16.0
Bellsprout,8,148.0,15.5
Bellsprout,9,148.0,13.0
Bellsprout,10,148.0,10.0
Bellsprout,11,148.0,6.5
Bellsprout,12,148.0,4.5
Zigzagoon,1,295.1111111111111,-3.0
Zigzagoon,2,296.0,-3.5
Zigzagoon,3,296.8888888888889,0.5
Zigzagoon,4,295.1111111111111,5.5
Zigzagoon,5,296.0,11.5
Zigzagoon,6,296.8888888888889,16.0
Zigzagoon,7,295.1111111111111,18.5
Zigzagoon,8,296.0,17.5
Zigzagoon,9,296.0,12.5
Zigzagoon,10,296.0,7.5
Zigzagoon,11,296.0,2.5
Zigzagoon,12,296.8888888888889,-1.0
Lickitung,1,138.0,6.0
Lickitung,2,138.0,6.200000000000061
Lickitung,3,138.0,8.5
Lickitung,4,138.0,10.799999999999613
Lickitung,5,138.0,13.799999999999573
Lickitung,6,138.0,16.5
Lickitung,7,138.0,18.20000000000032
Lickitung,8,138.0,18.5
Lickitung,9,138.0,16.5
Lickitung,10,138.0,13.0
Lickitung,11,138.0,9.200000000000278
Lickitung,12,138.0,6.799999999999813
Grafaiai2,1,349.0,6.5
Grafaiai2,2,349.0,8.0
Grafaiai2,3,349.0,11.0
Grafaiai2,4,349.0,13.5
Grafaiai2,5,349.0,17.5
Grafaiai2,6,349.0,23.0
Grafaiai2,7,349.0,27.0
Grafaiai2,8,349.0,26.5
Grafaiai2,9,349.0,22.0
Grafaiai2,10,349.0,15.5
Grafaiai2,11,349.0,10.0
Grafaiai2,12,349.0,7.0
Zweilous,1,171.0,4.0
Zweilous,2,171.0,4.5
Zweilous,3,171.0,6.5
Zweilous,4,171.0,8.5
Zweilous,5,171.0,11.5
Zweilous,6,171.0,14.0
Zweilous,7,171.0,16.0
Zweilous,8,171.0,15.5
Zweilous,9,171.0,13.0
Zweilous,10,171.0,10.0
Zweilous,11,171.0,6.5
Zweilous,12,171.0,4.5
Manectric,1,252.0,2.0
Manectric,2,252.0,2.5
Manectric,3,252.0,4.5
Manectric,4,252.0,7.0
Manectric,5,252.0,11.0
Manectric,6,252.0,14.0
Manectric,7,252.0,16.0
Manectric,8,252.0,15.5
Manectric,9,252.0,12.5
Manectric,10,252.0,9.0
Manectric,11,252.0,5.0
Manectric,12,252.0,3.0
Amoonguss,1,155.0,7.0
Amoonguss,2,155.0,8.0
Amoonguss,3,155.0,11.0
Amoonguss,4,155.0,14.0
Amoonguss,5,155.0,18.0
Amoonguss,6,155.0,22.5
Amoonguss,7,155.0,25.5
Amoonguss,8,155.0,25.0
Amoonguss,9,155.0,21.0
Amoonguss,10,155.0,16.0
Amoonguss,11,155.0,10.5
Amoonguss,12,155.0,7.5
Baltoy,1,406.0,6.0
Baltoy,2,406.0,6.200000000000061
Baltoy,3,406.0,8.5
Baltoy,4,406.0,10.799999999999613
Baltoy,5,406.0,13.799999999999573
Baltoy,6,406.0,16.5
Baltoy,7,406.0,18.20000000000032
Baltoy,8,406.0,18.5
Baltoy,9,406.0,16.5
Baltoy,10,406.0,13.0
Baltoy,11,406.0,9.200000000000278
Baltoy,12,406.0,6.799999999999813
Weavile,1,401.0,2.0
Weavile,2,401.0,2.5
Weavile,3,401.0,4.5
Weavile,4,401.0,7.0
Weavile,5,401.0,11.0
Weavile,6,401.0,14.0
Weavile,7,401.0,16.0
Weavile,8,401.0,15.5
Weavile,9,401.0,12.5
Weavile,10,401.0,9.0
Weavile,11,401.0,5.0
Weavile,12,401.0,3.0
Heatmor,1,156.0,4.0
Heatmor,2,156.0,4.5
Heatmor,3,156.0,6.5
Heatmor,4,156.0,8.5
Heatmor,5,156.0,11.5
Heatmor,6,156.0,14.0
Heatmor,7,156.0,16.0
Heatmor,8,156.0,15.5
Heatmor,9,156.0,13.0
Heatmor,10,156.0,10.0
Heatmor,11,156.0,6.5
Heatmor,12,156.0,4.5
Bouffalant,1,318.0,7.0
Bouffalant,2,318.0,8.0
Bouffalant,3,318.0,11.0
Bouffalant,4,318.0,14.0
Bouffalant,5,318.0,18.0
Bouffalant,6,318.0,22.5
Bouffalant,7,318.0,25.5
Bouffalant,8,318.0,25.0
Bouffalant,9,318.0,21.0
Bouffalant,10,318.0,16.0
Bouffalant,11,318.0,10.5
Bouffalant,12,318.0,7.5
Wattrel,1,554.0,-2.0
Wattrel,2,554.0,-1.0
Wattrel,3,554.0,3.5
Wattrel,4,554.0,9.5
Wattrel,5,554.0,15.0
Wattrel,6,554.0,18.5
Wattrel,7,554.0,20.5
Wattrel,8,554.0,19.799999999999567
Wattrel,9,554.0,14.799999999999496
Wattrel,10,554.0,9.0
Wattrel,11,554.0,3.5
Wattrel,12,554.0,0.0
Aerodactyl,1,151.88888888888889,7.0
Aerodactyl,2,152.0,8.0
Aerodactyl,3,152.11111111111111,11.0
Aerodactyl,4,151.88888888888889,14.0
Aerodactyl,5,152.0,18.0
Aerodactyl,6,152.11111111111111,22.5
Aerodactyl,7,151.88888888888889,25.5
Aerodactyl,8,152.0,25.0
Aerodactyl,9,152.0,21.0
Aerodactyl,10,152.0,16.0
Aerodactyl,11,152.0,10.5
Aerodactyl,12,152.11111111111111,7.5
Weavile1,1,157.0,4.0
Weavile1,2,157.0,4.5
Weavile1,3,157.0,6.5
Weavile1,4,157.0,8.5
Weavile1,5,157.0,11.5
Weavile1,6,157.0,14.0
Weavile1,7,157.0,16.0
Weavile1,8,157.0,15.5
Weavile1,9,157.0,13.0
Weavile1,10,157.0,10.0
Weavile1,11,157.0,6.5
Weavile1,12,157.0,4.5
Garbodor1,1,481.1111111111111,12.0
Garbodor1,2,483.5,12.5
Garbodor1,3,485.8888888888889,14.0
Garbodor1,4,481.1111111111111,17.0
Garbodor1,5,483.5,21.0
Garbodor1,6,485.8888888888889,25.5
Garbodor1,7,481.1111111111111,28.0
Garbodor1,8,483.5,28.0
Garbodor1,9,483.5,25.0
Garbodor1,10,483.5,21.0
Garbodor1,11,483.5,17.0
Garbodor1,12,485.8888888888889,13.5
Exeggutor,1,221.0,12.0
Exeggutor,2,221.0,12.5
Exeggutor,3,221.0,14.0
Exeggutor,4,221.0,17.0
Exeggutor,5,221.0,21.0
Exeggutor,6,221.0,25.5
Exeggutor,7,221.0,28.0
Exeggutor,8,221.0,28.0
Exeggutor,9,221.0,25.0
Exeggutor,10,221.0,21.0
Exeggutor,11,221.0,17.0
Exeggutor,12,221.0,13.5
Magmar1,1,535.0,-2.0
Magmar1,2,535.0,-1.0
Magmar1,3,535.0,3.5
Magmar1,4,535.0,9.5
Magmar1,5,535.0,15.0
Magmar1,6,535.0,18.5
Magmar1,7,535.0,20.5
Magmar1,8,535.0,19.799999999999567
Magmar1,9,535.0,14.799999999999496
Magmar1,10,535.0,9.0
Magmar1,11,535.0,3.5
Magmar1,12,535.0,0.0
Zeraora,1,200.33333333333334,0.5
Zeraora,2,201.0,1.8000000000000385
Zeraora,3,201.66666666666666,6.200000000000134
Zeraora,4,200.33333333333334,10.5
Zeraora,5,201.0,15.200000000000456
Zeraora,6,201.66666666666666,18.599999999999334
Zeraora,7,200.33333333333334,20.5
Zeraora,8,201.0,19.799999999999567
Zeraora,9,201.0,15.5
Zeraora,10,201.0,10.200000000000323
Zeraora,11,201.0,5.100000000000161
Zeraora,12,201.66666666666666,1.5
Noibat,1,168.0,2.0
Noibat,2,168.0,2.5
Noibat,3,168.0,4.5
Noibat,4,168.0,7.0
Noibat,5,168.0,11.0
Noibat,6,168.0,14.0
Noibat,7,168.0,16.0
Noibat,8,168.0,15.5
Noibat,9,168.0,12.5
Noibat,10,168.0,9.0
Noibat,11,168.0,5.0
Noibat,12,168.0,3.0
Gogoat,1,205.88888888888889,6.5
Gogoat,2,206.5,8.0
Gogoat,3,207.11111111111111,11.0
Gogoat,4,205.88888888888889,13.5
Gogoat,5,206.5,17.5
Gogoat,6,207.11111111111111,23.0
Gogoat,7,205.88888888888889,27.0
Gogoat,8,206.5,26.5
Gogoat,9,206.5,22.0
Gogoat,10,206.5,15.5
Gogoat,11,206.5,10.0
Gogoat,12,207.11111111111111,7.0
Aron,1,107.44444444444444,6.0
Aron,2,107.5,6.200000000000061
Aron,3,107.55555555555556,8.5
Aron,4,107.44444444444444,10.799999999999613
Aron,5,107.5,13.799999999999573
Aron,6,107.55555555555556,16.5
Aron,7,107.44444444444444,18.20000000000032
Aron,8,107.5,18.5
Aron,9,107.5,16.5
Aron,10,107.5,13.0
Aron,11,107.5,9.200000000000278
Aron,12,107.55555555555556,6.799999999999813
Hippowdon,1,463.0,12.0
Hippowdon,2,463.0,12.5
Hippowdon,3,463.0,14.0
Hippowdon,4,463.0,17.0
Hippowdon,5,463.0,21.0
Hippowdon,6,463.0,25.5
Hippowdon,7,463.0,28.0
Hippowdon,8,463.0,28.0
Hippowdon,9,463.0,25.0
Hippowdon,10,463.0,21.0
Hippowdon,11,463.0,17.0
Hippowdon,12,463.0,13.5
Staraptor,1,288.0,11.5
Staraptor,2,288.0,12.5
Staraptor,3,288.0,14.5
Staraptor,4,288.0,16.5
Staraptor,5,288.0,19.799999999999567
Staraptor,6,288.0,23.5
Staraptor,7,288.0,26.80000000000072
Staraptor,8,288.0,27.0
Staraptor,9,288.0,24.0
Staraptor,10,288.0,19.5
Staraptor,11,288.0,15.0
Staraptor,12,288.0,12.0
Quaquaval1,1,399.0,11.5
Quaquaval1,2,399.0,12.5
Quaquaval1,3,399.0,14.5
Quaquaval1,4,399.0,16.5
Quaquaval1,5,399.0,19.799999999999567
Quaquaval1,6,399.0,23.5
Quaquaval1,7,399.0,26.80000000000072
Quaquaval1,8,399.0,27.0
Quaquaval1,9,399.0,24.0
Quaquaval1,10,399.0,19.5
Quaquaval1,11,399.0,15.0
Quaquaval1,12,399.0,12.0
Shellos,1,513.1111111111111,4.0
Shellos,2,513.5,4.5
Shellos,3,513.8888888888889,6.5
Shellos,4,513.1111111111111,8.5
Shellos,5,513.5,11.5
Shellos,6,513.8888888888889,14.0
Shellos,7,513.1111111111111,16.0
Shellos,8,513.5,15.5
Shellos,9,513.5,13.0
Shellos,10,513.5,10.0
Shellos,11,513.5,6.5
Shellos,12,513.8888888888889,4.5
Dusclops,1,339.0,6.5
Dusclops,2,339.0,8.0
Dusclops,3,339.0,11.0
Dusclops,4,339.0,13.5
Dusclops,5,339.0,17.5
Dusclops,6,339.0,23.0
Dusclops,7,339.0,27.0
Dusclops,8,339.0,26.5
Dusclops,9,339.0,22.0
Dusclops,10,339.0,15.5
Dusclops,11,339.0,10.0
Dusclops,12,339.0,7.0
Drakloak,1,234.0,2.0
Drakloak,2,234.0,2.5
Drakloak,3,234.0,4.5
Drakloak,4,234.0,7.0
Drakloak,5,234.0,11.0
Drakloak,6,234.0,14.0
Drakloak,7,234.0,16.0
Drakloak,8,234.0,15.5
Drakloak,9,234.0,12.5
Drakloak,10,234.0,9.0
Drakloak,11,234.0,5.0
Drakloak,12,234.0,3.0
Milotic1,1,263.0,-3.0
Milotic1,2,263.0,-3.5
Milotic1,3,263.0,0.5
Milotic1,4,263.0,5.5
Milotic1,5,263.0,11.5
Milotic1,6,263.0,16.0
Milotic1,7,263.0,18.5
Milotic1,8,263.0,17.5
Milotic1,9,263.0,12.5
Milotic1,10,263.0,7.5
Milotic1,11,263.0,2.5
Milotic1,12,263.0,-1.0
Yamper,1,219.0,-3.0
Yamper,2,219.0,-3.5
Yamper,3,219.0,0.5
Yamper,4,219.0,5.5
Yamper,5,219.0,11.5
Yamper,6,219.0,16.0
Yamper,7,219.0,18.5
Yamper,8,219.0,17.5
Yamper,9,219.0,12.5
Yamper,10,219.0,7.5
Yamper,11,219.0,2.5
Yamper,12,219.0,-1.0
Dialga2,1,449.0,-3.0
Dialga2,2,449.0,-3.5
Dialga2,3,449.0,0.5
Dialga2,4,449.0,5.5
Dialga2,5,449.0,11.5
Dialga2,6,449.0,16.0
Dialga2,7,449.0,18.5
Dialga2,8,449.0,17.5
Dialga2,9,449.0,12.5
Dialga2,10,449.0,7.5
Dialga2,11,449.0,2.5
Dialga2,12,449.0,-1.0
Scyther,1,319.0,7.0
Scyther,2,319.0,8.0
Scyther,3,319.0,11.0
Scyther,4,319.0,14.0
Scyther,5,319.0,18.0
Scyther,6,319.0,22.5
Scyther,7,319.0,25.5
Scyther,8,319.0,25.0
Scyther,9,319.0,21.0
Scyther,10,319.0,16.0
Scyther,11,319.0,10.5
Scyther,12,319.0,7.5
Zapdos,1,227.0,0.5
Zapdos,2,227.0,1.8000000000000385
Zapdos,3,227.0,6.200000000000134
Zapdos,4,227.0,10.5
Zapdos,5,227.0,15.200000000000456
Zapdos,6,227.0,18.599999999999334
Zapdos,7,227.0,20.5
Zapdos,8,227.0,19.799999999999567
Zapdos,9,227.0,15.5
Zapdos,10,227.0,10.200000000000323
Zapdos,11,227.0,5.100000000000161
Zapdos,12,227.0,1.5
Kyurem,1,271.0,0.5
Kyurem,2,271.0,1.8000000000000385
Kyurem,3,271.0,6.200000000000134
Kyurem,4,271.0,10.5
Kyurem,5,271.0,15.200000000000456
Kyurem,6,271.0,18.599999999999334
Kyurem,7,271.0,20.5
Kyurem,8,271.0,19.799999999999567
Kyurem,9,271.0,15.5
Kyurem,10,271.0,10.200000000000323
Kyurem,11,271.0,5.100000000000161
Kyurem,12,271.0,1.5
Pheromosa,1,123.0,2.0
Pheromosa,2,123.0,2.5
Pheromosa,3,123.0,4.5
Pheromosa,4,123.0,7.0
Pheromosa,5,123.0,11.0
Pheromosa,6,123.0,14.0
Pheromosa,7,123.0,16.0
Pheromosa,8,123.0,15.5
Pheromosa,9,123.0,12.5
Pheromosa,10,123.0,9.0
Pheromosa,11,123.0,5.0
Pheromosa,12,123.0,3.0
Slakoth,1,330.0,6.5
Slakoth,2,330.0,8.0
Slakoth,3,330.0,11.0
Slakoth,4,330.0,13.5
Slakoth,5,330.0,17.5
Slakoth,6,330.0,23.0
Slakoth,7,330.0,27.0
Slakoth,8,330.0,26.5
Slakoth,9,330.0,22.0
Slakoth,10,330.0,15.5
Slakoth,11,330.0,10.0
Slakoth,12,330.0,7.0
Toedscool1,1,674.0,12.0
Toedscool1,2,674.0,12.5
Toedscool1,3,674.0,14.0
Toedscool1,4,674.0,17.0
Toedscool1,5,674.0,21.0
Toedscool1,6,674.0,25.5
Toedscool1,7,674.0,28.0
Toedscool1,8,674.0,28.0
Toedscool1,9,674.0,25.0
Toedscool1,10,674.0,21.0
Toedscool1,11,674.0,17.0
Toedscool1,12,674.0,13.5
Cubone,1,210.88888888888889,-3.0
Cubone,2,211.0,-3.5
Cubone,3,211.11111111111111,0.5
Cubone,4,210.88888888888889,5.5
Cubone,5,211.0,11.5
Cubone,6,211.11111111111111,16.0
Cubone,7,210.88888888888889,18.5
Cubone,8,211.0,17.5
Cubone,9,211.0,12.5
Cubone,10,211.0,7.5
Cubone,11,211.0,2.5
Cubone,12,211.11111111111111,-1.0
Mabosstiff,1,435.0,2.0
Mabosstiff,2,435.0,2.5
Mabosstiff,3,435.0,4.5
Mabosstiff,4,435.0,7.0
Mabosstiff,5,435.0,11.0
Mabosstiff,6,435.0,14.0
Mabosstiff,7,435.0,16.0
Mabosstiff,8,435.0,15.5
Mabosstiff,9,435.0,12.5
Mabosstiff,10,435.0,9.0
Mabosstiff,11,435.0,5.0
Mabosstiff,12,435.0,3.0
Mudsdale,1,385.44444444444446,4.0
Mudsdale,2,386.5,4.5
Mudsdale,3,387.55555555555554,6.5
Mudsdale,4,385.44444444444446,8.5
Mudsdale,5,386.5,11.5
Mudsdale,6,387.55555555555554,14.0
Mudsdale,7,385.44444444444446,16.0
Mudsdale,8,386.5,15.5
Mudsdale,9,386.5,13.0
Mudsdale,10,386.5,10.0
Mudsdale,11,386.5,6.5
Mudsdale,12,387.55555555555554,4.5
Prinplup,1,264.0,6.0
Prinplup,2,264.0,6.200000000000061
Prinplup,3,264.0,8.5
Prinplup,4,264.0,10.799999999999613
Prinplup,5,264.0,13.799999999999573
Prinplup,6,264.0,16.5
Prinplup,7,264.0,18.20000000000032
Prinplup,8,264.0,18.5
Prinplup,9,264.0,16.5
Prinplup,10,264.0,13.0
Prinplup,11,264.0,9.200000000000278
Prinplup,12,264.0,6.799999999999813
Darkrai,1,543.7777777777778,12.0
Darkrai,2,544.0,12.5
Darkrai,3,544.2222222222222,14.0
Darkrai,4,543.7777777777778,17.0
Darkrai,5,544.0,21.0
Darkrai,6,544.2222222222222,25.5
Darkrai,7,543.7777777777778,28.0
Darkrai,8,544.0,28.0
Darkrai,9,544.0,25.0
Darkrai,10,544.0,21.0
Darkrai,11,544.0,17.0
Darkrai,12,544.2222222222222,13.5
Starmie,1,118.0,2.0
Starmie,2,118.5,2.5
Starmie,3,119.0,4.5
Starmie,4,118.0,7.0
Starmie,5,118.5,11.0
Starmie,6,119.0,14.0
Starmie,7,118.0,16.0
Starmie,8,118.5,15.5
Starmie,9,118.5,12.5
Starmie,10,118.5,9.0
Starmie,11,118.5,5.0
Starmie,12,119.0,3.0
Abra,1,929.1111111111111,12.0
Abra,2,931.0,12.5
Abra,3,932.8888888888889,14.0
Abra,4,929.1111111111111,17.0
Abra,5,931.0,21.0
Abra,6,932.8888888888889,25.5
Abra,7,929.1111111111111,28.0
Abra,8,931.0,28.0
Abra,9,931.0,25.0
Abra,10,931.0,21.0
Abra,11,931.0,17.0
Abra,12,932.8888888888889,13.5
Hatenna,1,285.0,6.0
Hatenna,2,285.0,6.200000000000061
Hatenna,3,285.0,8.5
Hatenna,4,285.0,10.799999999999613
Hatenna,5,285.0,13.799999999999573
Hatenna,6,285.0,16.5
Hatenna,7,285.0,18.20000000000032
Hatenna,8,285.0,18.5
Hatenna,9,285.0,16.5
Hatenna,10,285.0,13.0
Hatenna,11,285.0,9.200000000000278
Hatenna,12,285.0,6.799999999999813
Snover1,1,332.0,6.0
Snover1,2,332.0,6.200000000000061
Snover1,3,332.0,8.5
Snover1,4,332.0,10.799999999999613
Snover1,5,332.0,13.799999999999573
Snover1,6,332.0,16.5
Snover1,7,332.0,18.20000000000032
Snover1,8,332.0,18.5
Snover1,9,332.0,16.5
Snover1,10,332.0,13.0
Snover1,11,332.0,9.200000000000278
Snover1,12,332.0,6.799999999999813
Tympole,1,245.0,2.0
Tympole,2,245.0,2.5
Tympole,3,245.0,4.5
Tympole,4,245.0,7.0
Tympole,5,245.0,11.0
Tympole,6,245.0,14.0
Tympole,7,245.0,16.0
Tympole,8,245.0,15.5
Tympole,9,245.0,12.5
Tympole,10,245.0,9.0
Tympole,11,245.0,5.0
Tympole,12,245.0,3.0
Pincurchin,1,379.0,12.0
Pincurchin,2,379.0,12.5
Pincurchin,3,379.0,14.0
Pincurchin,4,379.0,17.0
Pincurchin,5,379.0,21.0
Pincurchin,6,379.0,25.5
Pincurchin,7,379.0,28.0
Pincurchin,8,379.0,28.0
Pincurchin,9,379.0,25.0
Pincurchin,10,379.0,21.0
Pincurchin,11,379.0,17.0
Pincurchin,12,379.0,13.5
Golbat,1,232.88888888888889,4.0
Golbat,2,233.5,4.5
Golbat,3,234.11111111111111,6.5
Golbat,4,232.88888888888889,8.5
Golbat,5,233.5,11.5
Golbat,6,234.11111111111111,14.0
Golbat,7,232.88888888888889,16.0
Golbat,8,233.5,15.5
Golbat,9,233.5,13.0
Golbat,10,233.5,10.0
Golbat,11,233.5,6.5
Golbat,12,234.11111111111111,4.5
Swalot,1,395.0,-3.0
Swalot,2,395.0,-3.5
Swalot,3,395.0,0.5
Swalot,4,395.0,5.5
Swalot,5,395.0,11.5
Swalot,6,395.0,16.0
Swalot,7,395.0,18.5
Swalot,8,395.0,17.5
Swalot,9,395.0,12.5
Swalot,10,395.0,7.5
Swalot,11,395.0,2.5
Swalot,12,395.0,-1.0
Deerling,1,152.0,-3.0
Deerling,2,152.0,-3.5
Deerling,3,152.0,0.5
Deerling,4,152.0,5.5
Deerling,5,152.0,11.5
Deerling,6,152.0,16.0
Deerling,7,152.0,18.5
Deerling,8,152.0,17.5
Deerling,9,152.0,12.5
Deerling,10,152.0,7.5
Deerling,11,152.0,2.5
Deerling,12,152.0,-1.0
Inkay1,1,180.0,11.5
Inkay1,2,180.0,12.5
Inkay1,3,180.0,14.5
Inkay1,4,180.0,16.5
Inkay1,5,180.0,19.799999999999567
Inkay1,6,180.0,23.5
Inkay1,7,180.0,26.80000000000072
Inkay1,8,180.0,27.0
Inkay1,9,180.0,24.0
Inkay1,10,180.0,19.5
Inkay1,11,180.0,15.0
Inkay1,12,180.0,12.0
Basculin,1,366.0,2.0
Basculin,2,366.0,2.5
Basculin,3,366.0,4.5
Basculin,4,366.0,7.0
Basculin,5,366.0,11.0
Basculin,6,366.0,14.0
Basculin,7,366.0,16.0
Basculin,8,366.0,15.5
Basculin,9,366.0,12.5
Basculin,10,366.0,9.0
Basculin,11,366.0,5.0
Basculin,12,366.0,3.0
Electrike3,1,414.0,7.0
Electrike3,2,414.0,8.0
Electrike3,3,414.0,11.0
Electrike3,4,414.0,14.0
Electrike3,5,414.0,18.0
Electrike3,6,414.0,22.5
Electrike3,7,414.0,25.5
Electrike3,8,414.0,25.0
Electrike3,9,414.0,21.0
Electrike3,10,414.0,16.0
Electrike3,11,414.0,10.5
Electrike3,12,414.0,7.5
Cresselia,1,267.0,7.0
Cresselia,2,267.0,8.0
Cresselia,3,267.0,11.0
Cresselia,4,267.0,14.0
Cresselia,5,267.0,18.0
Cresselia,6,267.0,22.5
Cresselia,7,267.0,25.5
Cresselia,8,267.0,25.0
Cresselia,9,267.0,21.0
Cresselia,10,267.0,16.0
Cresselia,11,267.0,10.5
Cresselia,12,267.0,7.5
Simisear,1,186.0,2.0
Simisear,2,186.0,2.5
Simisear,3,186.0,4.5
Simisear,4,186.0,7.0
Simisear,5,186.0,11.0
Simisear,6,186.0,14.0
Simisear,7,186.0,16.0
Simisear,8,186.0,15.5
Simisear,9,186.0,12.5
Simisear,10,186.0,9.0
Simisear,11,186.0,5.0
Simisear,12,186.0,3.0
Muk,1,188.0,4.0
Muk,2,188.0,4.5
Muk,3,188.0,6.5
Muk,4,188.0,8.5
Muk,5,188.0,11.5
Muk,6,188.0,14.0
Muk,7,188.0,16.0
Muk,8,188.0,15.5
Muk,9,188.0,13.0
Muk,10,188.0,10.0
Muk,11,188.0,6.5
Muk,12,188.0,4.5
Gigalith,1,236.55555555555554,-2.0
Gigalith,2,237.5,-1.0
Gigalith,3,238.44444444444446,3.5
Gigalith,4,236.55555555555554,9.5
Gigalith,5,237.5,15.0
Gigalith,6,238.44444444444446,18.5
Gigalith,7,236.55555555555554,20.5
Gigalith,8,237.5,19.799999999999567
Gigalith,9,237.5,14.799999999999496
Gigalith,10,237.5,9.0
Gigalith,11,237.5,3.5
Gigalith,12,238.44444444444446,0.0
Mew,1,338.0,6.5
Mew,2,338.0,8.0
Mew,3,338.0,11.0
Mew,4,338.0,13.5
Mew,5,338.0,17.5
Mew,6,338.0,23.0
Mew,7,338.0,27.0
Mew,8,338.0,26.5
Mew,9,338.0,22.0
Mew,10,338.0,15.5
Mew,11,338.0,10.0
Mew,12,338.0,7.0
Spiritomb,1,380.0,-2.0
Spiritomb,2,380.0,-1.0
Spiritomb,3,380.0,3.5
Spiritomb,4,380.0,9.5
Spiritomb,5,380.0,15.0
Spiritomb,6,380.0,18.5
Spiritomb,7,380.0,20.5
Spiritomb,8,380.0,19.799999999999567
Spiritomb,9,380.0,14.799999999999496
Spiritomb,10,380.0,9.0
Spiritomb,11,380.0,3.5
Spiritomb,12,380.0,0.0
Scrafty,1,501.0,2.0
Scrafty,2,501.0,2.5
Scrafty,3,501.0,4.5
Scrafty,4,501.0,7.0
Scrafty,5,501.0,11.0
Scrafty,6,501.0,14.0
Scrafty,7,501.0,16.0
Scrafty,8,501.0,15.5
Scrafty,9,501.0,12.5
Scrafty,10,501.0,9.0
Scrafty,11,501.0,5.0
Scrafty,12,501.0,3.0
Pumpkaboo1,1,206.0,11.5
Pumpkaboo1,2,206.0,12.5
Pumpkaboo1,3,206.0,14.5
Pumpkaboo1,4,206.0,16.5
Pumpkaboo1,5,206.0,19.799999999999567
Pumpkaboo1,6,206.0,23.5
Pumpkaboo1,7,206.0,26.80000000000072
Pumpkaboo1,8,206.0,27.0
Pumpkaboo1,9,206.0,24.0
Pumpkaboo1,10,206.0,19.5
Pumpkaboo1,11,206.0,15.0
Pumpkaboo1,12,206.0,12.0
Cinccino1,1,343.3333333333333,12.0
Cinccino1,2,343.5,12.5
Cinccino1,3,343.6666666666667,14.0
Cinccino1,4,343.3333333333333,17.0
Cinccino1,5,343.5,21.0
Cinccino1,6,343.6666666666667,25.5
Cinccino1,7,343.3333333333333,28.0
Cinccino1,8,343.5,28.0
Cinccino1,9,343.5,25.0
Cinccino1,10,343.5,21.0
Cinccino1,11,343.5,17.0
Cinccino1,12,343.6666666666667,13.5
Oricorio1,1,391.0,11.5
Oricorio1,2,391.0,12.5
Oricorio1,3,391.0,14.5
Oricorio1,4,391.0,16.5
Oricorio1,5,391.0,19.799999999999567
Oricorio1,6,391.0,23.5
Oricorio1,7,391.0,26.80000000000072
Oricorio1,8,391.0,27.0
Oricorio1,9,391.0,24.0
Oricorio1,10,391.0,19.5
Oricorio1,11,391.0,15.0
Oricorio1,12,391.0,12.0
Gabite,1,241.0,11.5
Gabite,2,241.0,12.5
Gabite,3,241.0,14.5
Gabite,4,241.0,16.5
Gabite,5,241.0,19.799999999999567
Gabite,6,241.0,23.5
Gabite,7,241.0,26.80000000000072
Gabite,8,241.0,27.0
Gabite,9,241.0,24.0
Gabite,10,241.0,19.5
Gabite,11,241.0,15.0
Gabite,12,241.0,12.0
Goldeen,1,177.0,7.0
Goldeen,2,177.0,8.0
Goldeen,3,177.0,11.0
Goldeen,4,177.0,14.0
Goldeen,5,177.0,18.0
Goldeen,6,177.0,22.5
Goldeen,7,177.0,25.5
Goldeen,8,177.0,25.0
Goldeen,9,177.0,21.0
Goldeen,10,177.0,16.0
Goldeen,11,177.0,10.5
Goldeen,12,177.0,7.5
Krokorok,1,462.0,7.0
Krokorok,2,462.0,8.0
Krokorok,3,462.0,11.0
Krokorok,4,462.0,14.0
Krokorok,5,462.0,18.0
Krokorok,6,462.0,22.5
Krokorok,7,462.0,25.5
Krokorok,8,462.0,25.0
Krokorok,9,462.0,21.0
Krokorok,10,462.0,16.0
Krokorok,11,462.0,10.5
Krokorok,12,462.0,7.5
Finneon,1,242.0,-3.0
Finneon,2,242.0,-3.5
Finneon,3,242.0,0.5
Finneon,4,242.0,5.5
Finneon,5,242.0,11.5
Finneon,6,242.0,16.0
Finneon,7,242.0,18.5
Finneon,8,242.0,17.5
Finneon,9,242.0,12.5
Finneon,10,242.0,7.5
Finneon,11,242.0,2.5
Finneon,12,242.0,-1.0
Croagunk1,1,338.0,4.0
Croagunk1,2,338.0,4.5
Croagunk1,3,338.0,6.5
Croagunk1,4,338.0,8.5
Croagunk1,5,338.0,11.5
Croagunk1,6,338.0,14.0
Croagunk1,7,338.0,16.0
Croagunk1,8,338.0,15.5
Croagunk1,9,338.0,13.0
Croagunk1,10,338.0,10.0
Croagunk1,11,338.0,6.5
Croagunk1,12,338.0,4.5
Shuckle,1,440.0,2.0
Shuckle,2,440.0,2.5
Shuckle,3,440.0,4.5
Shuckle,4,440.0,7.0
Shuckle,5,440.0,11.0
Shuckle,6,440.0,14.0
Shuckle,7,440.0,16.0
Shuckle,8,440.0,15.5
Shuckle,9,440.0,12.5
Shuckle,10,440.0,9.0
Shuckle,11,440.0,5.0
Shuckle,12,440.0,3.0
Porygon,1,390.77777777777777,6.0
Porygon,2,391.0,6.200000000000061
Porygon,3,391.22222222222223,8.5
Porygon,4,390.77777777777777,10.799999999999613
Porygon,5,391.0,13.799999999999573
Porygon,6,391.22222222222223,16.5
Porygon,7,390.77777777777777,18.20000000000032
Porygon,8,391.0,18.5
Porygon,9,391.0,16.5
Porygon,10,391.0,13.0
Porygon,11,391.0,9.200000000000278
Porygon,12,391.22222222222223,6.799999999999813
Alcremie,1,540.0,6.5
Alcremie,2,540.0,8.0
Alcremie,3,540.0,11.0
Alcremie,4,540.0,13.5
Alcremie,5,540.0,17.5
Alcremie,6,540.0,23.0
Alcremie,7,540.0,27.0
Alcremie,8,540.0,26.5
Alcremie,9,540.0,22.0
Alcremie,10,540.0,15.5
Alcremie,11,540.0,10.0
Alcremie,12,540.0,7.0
Gliscor1,1,340.3333333333333,6.5
Gliscor1,2,340.5,8.0
Gliscor1,3,340.6666666666667,11.0
Gliscor1,4,340.3333333333333,13.5
Gliscor1,5,340.5,17.5
Gliscor1,6,340.6666666666667,23.0
Gliscor1,7,340.3333333333333,27.0
Gliscor1,8,340.5,26.5
Gliscor1,9,340.5,22.0
Gliscor1,10,340.5,15.5
Gliscor1,11,340.5,10.0
Gliscor1,12,340.6666666666667,7.0
Komala2,1,606.3333333333334,7.0
Komala2,2,609.5,8.0
Komala2,3,612.6666666666666,11.0
Komala2,4,606.3333333333334,14.0
Komala2,5,609.5,18.0
Komala2,6,612.6666666666666,22.5
Komala2,7,606.3333333333334,25.5
Komala2,8,609.5,25.0
Komala2,9,609.5,21.0
Komala2,10,609.5,16.0
Komala2,11,609.5,10.5
Komala2,12,612.6666666666666,7.5
Aerodactyl1,1,337.8888888888889,12.0
Aerodactyl1,2,339.0,12.5
Aerodactyl1,3,340.1111111111111,14.0
Aerodactyl1,4,337.8888888888889,17.0
Aerodactyl1,5,339.0,21.0
Aerodactyl1,6,340.1111111111111,25.5
Aerodactyl1,7,337.8888888888889,28.0
Aerodactyl1,8,339.0,28.0
Aerodactyl1,9,339.0,25.0
Aerodactyl1,10,339.0,21.0
Aerodactyl1,11,339.0,17.0
Aerodactyl1,12,340.1111111111111,13.5
Torkoal1,1,425.0,4.0
Torkoal1,2,425.0,4.5
Torkoal1,3,425.0,6.5
Torkoal1,4,425.0,8.5
Torkoal1,5,425.0,11.5
Torkoal1,6,425.0,14.0
Torkoal1,7,425.0,16.0
Torkoal1,8,425.0,15.5
Torkoal1,9,425.0,13.0
Torkoal1,10,425.0,10.0
Torkoal1,11,425.0,6.5
Torkoal1,12,425.0,4.5
Axew1,1,362.0,12.0
Axew1,2,362.0,12.5
Axew1,3,362.0,14.0
Axew1,4,362.0,17.0
Axew1,5,362.0,21.0
Axew1,6,362.0,25.5
Axew1,7,362.0,28.0
Axew1,8,362.0,28.0
Axew1,9,362.0,25.0
Axew1,10,362.0,21.0
Axew1,11,362.0,17.0
Axew1,12,362.0,13.5
Skuntank,1,207.0,-2.0
Skuntank,2,207.0,-1.0
Skuntank,3,207.0,3.5
Skuntank,4,207.0,9.5
Skuntank,5,207.0,15.0
Skuntank,6,207.0,18.5
Skuntank,7,207.0,20.5
Skuntank,8,207.0,19.799999999999567
Skuntank,9,207.0,14.799999999999496
Skuntank,10,207.0,9.0
Skuntank,11,207.0,3.5
Skuntank,12,207.0,0.0
Electivire,1,555.0,6.0
Electivire,2,555.5,6.200000000000061
Electivire,3,556.0,8.5
Electivire,4,555.0,10.799999999999613
Electivire,5,555.5,13.799999999999573
Electivire,6,556.0,16.5
Electivire,7,555.0,18.20000000000032
Electivire,8,555.5,18.5
Electivire,9,555.5,16.5
Electivire,10,555.5,13.0
Electivire,11,555.5,9.200000000000278
Electivire,12,556.0,6.799999999999813
Lombre,1,612.7777777777778,11.5
Lombre,2,615.0,12.5
Lombre,3,617.2222222222222,14.5
Lombre,4,612.7777777777778,16.5
Lombre,5,615.0,19.799999999999567
Lombre,6,617.2222222222222,23.5
Lombre,7,612.7777777777778,26.80000000000072
Lombre,8,615.0,27.0
Lombre,9,615.0,24.0
Lombre,10,615.0,19.5
Lombre,11,615.0,15.0
Lombre,12,617.2222222222222,12.0
Cyndaquil,1,501.0,6.0
Cyndaquil,2,501.0,6.200000000000061
Cyndaquil,3,501.0,8.5
Cyndaquil,4,501.0,10.799999999999613
Cyndaquil,5,501.0,13.799999999999573
Cyndaquil,6,501.0,16.5
Cyndaquil,7,501.0,18.20000000000032
Cyndaquil,8,501.0,18.5
Cyndaquil,9,501.0,16.5
Cyndaquil,10,501.0,13.0
Cyndaquil,11,501.0,9.200000000000278
Cyndaquil,12,501.0,6.799999999999813
Buzzwole2,1,281.0,0.5
Buzzwole2,2,282.5,1.8000000000000385
Buzzwole2,3,284.0,6.200000000000134
Buzzwole2,4,281.0,10.5
Buzzwole2,5,282.5,15.200000000000456
Buzzwole2,6,284.0,18.599999999999334
Buzzwole2,7,281.0,20.5
Buzzwole2,8,282.5,19.799999999999567
Buzzwole2,9,282.5,15.5
Buzzwole2,10,282.5,10.200000000000323
Buzzwole2,11,282.5,5.100000000000161
Buzzwole2,12,284.0,1.5
Kleavor,1,234.33333333333334,-3.0
Kleavor,2,234.5,-3.5
Kleavor,3,234.66666666666666,0.5
Kleavor,4,234.33333333333334,5.5
Kleavor,5,234.5,11.5
Kleavor,6,234.66666666666666,16.0
Kleavor,7,234.33333333333334,18.5
Kleavor,8,234.5,17.5
Kleavor,9,234.5,12.5
Kleavor,10,234.5,7.5
Kleavor,11,234.5,2.5
Kleavor,12,234.66666666666666,-1.0
Kingler,1,105.0,-2.0
Kingler,2,105.0,-1.0
Kingler,3,105.0,3.5
Kingler,4,105.0,9.5
Kingler,5,105.0,15.0
Kingler,6,105.0,18.5
Kingler,7,105.0,20.5
Kingler,8,105.0,19.799999999999567
Kingler,9,105.0,14.799999999999496
Kingler,10,105.0,9.0
Kingler,11,105.0,3.5
Kingler,12,105.0,0.0
Camerupt,1,373.22222222222223,4.0
Camerupt,2,373.5,4.5
Camerupt,3,373.77777777777777,6.5
Camerupt,4,373.22222222222223,8.5
Camerupt,5,373.5,11.5
Camerupt,6,373.77777777777777,14.0
Camerupt,7,373.22222222222223,16.0
Camerupt,8,373.5,15.5
Camerupt,9,373.5,13.0
Camerupt,10,373.5,10.0
Camerupt,11,373.5,6.5
Camerupt,12,373.77777777777777,4.5
Vespiquen1,1,210.0,-3.0
Vespiquen1,2,210.0,-3.5
Vespiquen1,3,210.0,0.5
Vespiquen1,4,210.0,5.5
Vespiquen1,5,210.0,11.5
Vespiquen1,6,210.0,16.0
Vespiquen1,7,210.0,18.5
Vespiquen1,8,210.0,17.5
Vespiquen1,9,210.0,12.5
Vespiquen1,10,210.0,7.5
Vespiquen1,11,210.0,2.5
Vespiquen1,12,210.0,-1.0
Drowzee,1,464.0,6.0
Drowzee,2,464.0,6.200000000000061
Drowzee,3,464.0,8.5
Drowzee,4,464.0,10.799999999999613
Drowzee,5,464.0,13.799999999999573
Drowzee,6,464.0,16.5
Drowzee,7,464.0,18.20000000000032
Drowzee,8,464.0,18.5
Drowzee,9,464.0,16.5
Drowzee,10,464.0,13.0
Drowzee,11,464.0,9.200000000000278
Drowzee,12,464.0,6.799999999999813
Scatterbug,1,460.0,7.0
Scatterbug,2,460.0,8.0
Scatterbug,3,460.0,11.0
Scatterbug,4,460.0,14.0
Scatterbug,5,460.0,18.0
Scatterbug,6,460.0,22.5
Scatterbug,7,460.0,25.5
Scatterbug,8,460.0,25.0
Scatterbug,9,460.0,21.0
Scatterbug,10,460.0,16.0
Scatterbug,11,460.0,10.5
Scatterbug,12,460.0,7.5
Wingull,1,207.88888888888889,0.5
Wingull,2,208.0,1.8000000000000385
Wingull,3,208.11111111111111,6.200000000000134
Wingull,4,207.88888888888889,10.5
Wingull,5,208.0,15.200000000000456
Wingull,6,208.11111111111111,18.599999999999334
Wingull,7,207.88888888888889,20.5
Wingull,8,208.0,19.799999999999567
Wingull,9,208.0,15.5
Wingull,10,208.0,10.200000000000323
Wingull,11,208.0,5.100000000000161
Wingull,12,208.11111111111111,1.5
Milcery,1,472.0,-3.0
Milcery,2,472.0,-3.5
Milcery,3,472.0,0.5
Milcery,4,472.0,5.5
Milcery,5,472.0,11.5
Milcery,6,472.0,16.0
Milcery,7,472.0,18.5
Milcery,8,472.0,17.5
Milcery,9,472.0,12.5
Milcery,10,472.0,7.5
Milcery,11,472.0,2.5
Milcery,12,472.0,-1.0
Magby,1,261.0,2.0
Magby,2,261.0,2.5
Magby,3,261.0,4.5
Magby,4,261.0,7.0
Magby,5,261.0,11.0
Magby,6,261.0,14.0
Magby,7,261.0,16.0
Magby,8,261.0,15.5
Magby,9,261.0,12.5
Magby,10,261.0,9.0
Magby,11,261.0,5.0
Magby,12,261.0,3.0
Marowak,1,253.0,11.5
Marowak,2,253.0,12.5
Marowak,3,253.0,14.5
Marowak,4,253.0,16.5
Marowak,5,253.0,19.799999999999567
Marowak,6,253.0,23.5
Marowak,7,253.0,26.80000000000072
Marowak,8,253.0,27.0
Marowak,9,253.0,24.0
Marowak,10,253.0,19.5
Marowak,11,253.0,15.0
Marowak,12,253.0,12.0
Marill,1,181.0,2.0
Marill,2,181.0,2.5
Marill,3,181.0,4.5
Marill,4,181.0,7.0
Marill,5,181.0,11.0
Marill,6,181.0,14.0
Marill,7,181.0,16.0
Marill,8,181.0,15.5
Marill,9,181.0,12.5
Marill,10,181.0,9.0
Marill,11,181.0,5.0
Marill,12,181.0,3.0
Fuecoco,1,382.0,6.0
Fuecoco,2,382.0,6.200000000000061
Fuecoco,3,382.0,8.5
Fuecoco,4,382.0,10.799999999999613
Fuecoco,5,382.0,13.799999999999573
Fuecoco,6,382.0,16.5
Fuecoco,7,382.0,18.20000000000032
Fuecoco,8,382.0,18.5
Fuecoco,9,382.0,16.5
Fuecoco,10,382.0,13.0
Fuecoco,11,382.0,9.200000000000278
Fuecoco,12,382.0,6.799999999999813
Jellicent1,1,228.0,11.5
Jellicent1,2,228.0,12.5
Jellicent1,3,228.0,14.5
Jellicent1,4,228.0,16.5
Jellicent1,5,228.0,19.799999999999567
Jellicent1,6,228.0,23.5
Jellicent1,7,228.0,26.80000000000072
Jellicent1,8,228.0,27.0
Jellicent1,9,228.0,24.0
Jellicent1,10,228.0,19.5
Jellicent1,11,228.0,15.0
Jellicent1,12,228.0,12.0
Quaxwell,1,209.0,6.0
Quaxwell,2,209.0,6.200000000000061
Quaxwell,3,209.0,8.5
Quaxwell,4,209.0,10.799999999999613
Quaxwell,5,209.0,13.799999999999573
Quaxwell,6,209.0,16.5
Quaxwell,7,209.0,18.20000000000032
Quaxwell,8,209.0,18.5
Quaxwell,9,209.0,16.5
Quaxwell,10,209.0,13.0
Quaxwell,11,209.0,9.200000000000278
Quaxwell,12,209.0,6.799999999999813
Cramorant2,1,169.0,0.5
Cramorant2,2,169.0,1.8000000000000385
Cramorant2,3,169.0,6.200000000000134
Cramorant2,4,169.0,10.5
Cramorant2,5,169.0,15.200000000000456
Cramorant2,6,169.0,18.599999999999334
Cramorant2,7,169.0,20.5
Cramorant2,8,169.0,19.799999999999567
Cramorant2,9,169.0,15.5
Cramorant2,10,169.0,10.200000000000323
Cramorant2,11,169.0,5.100000000000161
Cramorant2,12,169.0,1.5
